id,target
c0f722661,-2.123960256576538
f0953f0a5,-2.1028261184692383
0df072751,-2.1276051998138428
04caf4e0c,-2.100907564163208
0e63f8bea,-2.0783846378326416
12537fe78,-2.0639593601226807
965e592c0,-2.065464973449707
