id,target
c0f722661,-1.9540821313858032
f0953f0a5,-1.989403486251831
0df072751,-2.036224603652954
04caf4e0c,-1.8854340314865112
0e63f8bea,-1.9433557987213135
12537fe78,-1.9755948781967163
965e592c0,-1.941986322402954
